{
	"repositories": [
		{"type": "composer", "url":"https://afterlogic.com/composer/"}
	],
	"require": {
		"afterlogic/aurora-framework": "0.9.x",
		"afterlogic/aurora-dev-tools": "0.9.x",
		
		"afterlogic/aurora-module-admin-auth": "0.9.x",
		"afterlogic/aurora-module-webclient-adminpanel": "0.9.x",
		"afterlogic/aurora-module-webclient-logs-viewer": "0.9.x",
		"afterlogic/aurora-module-webclient-branding": "0.9.x",
		"afterlogic/aurora-module-calendar": "0.9.x",
		"afterlogic/aurora-module-webclient-calendar": "0.9.x",
		"afterlogic/aurora-module-webclient-change-password": "0.9.x",
		"afterlogic/aurora-module-contacts": "0.9.x",
		"afterlogic/aurora-module-webclient-contacts": "0.9.x",
		"afterlogic/aurora-module-mobile-webclient-contacts": "0.9.x",
		"afterlogic/aurora-module-personal-contacts": "0.9.x",
		"afterlogic/aurora-module-core": "0.9.x",
		"afterlogic/aurora-module-webclient-core": "^0.9.38",
		"afterlogic/aurora-module-mobile-webclient-core": "0.9.x",
		"afterlogic/aurora-module-dav": "0.9.x",
		"afterlogic/aurora-module-dav-contacts": "0.9.x",
		"afterlogic/aurora-module-dropbox": "0.9.x",
		"afterlogic/aurora-module-webclient-dropbox-auth": "0.9.x",
		"afterlogic/aurora-module-dropbox-filestorage": "0.9.x",
		"afterlogic/aurora-module-facebook": "0.9.x",
		"afterlogic/aurora-module-webclient-facebook-auth": "0.9.x",
		"afterlogic/aurora-module-google": "0.9.x",
		"afterlogic/aurora-module-googledrive": "0.9.x",
		"afterlogic/aurora-module-files": "0.9.x",
		"afterlogic/aurora-module-personalfiles": "0.9.x",
		"afterlogic/aurora-module-webclient-files": "0.9.x",
		"afterlogic/aurora-module-mobile-webclient-files": "0.9.x",
		"afterlogic/aurora-module-webclient-files-tableview-plugin": "0.9.x",
		"afterlogic/aurora-module-webclient-files-cut-copy-paste-plugin": "0.9.x",
		"afterlogic/aurora-module-webclient-file-viewer-plugin": "0.9.x",
		"afterlogic/aurora-module-webclient-core-paranoid-encryption-plugin": "0.9.x",
		"afterlogic/aurora-module-webclient-google-auth": "0.9.x",
		"afterlogic/aurora-module-ios": "0.9.x",
		"afterlogic/aurora-module-mail": "0.9.x",
		"afterlogic/aurora-module-licensing": "0.9.x",
		"afterlogic/aurora-module-webclient-licensing": "0.9.x",
		"afterlogic/aurora-module-webclient-mail-sensitivity-plugin": "0.9.x",
		"afterlogic/aurora-module-webclient-mail": "0.9.x",
		"afterlogic/aurora-module-mobile-webclient-mail": "0.9.x",
		"afterlogic/aurora-module-webclient-mail-tnef-plugin": "0.9.x",
		"afterlogic/aurora-module-webclient-mail-zip-plugin": "0.9.x",
		"afterlogic/aurora-module-mail-save-attachments-to-files-plugin": "0.9.x",
		"afterlogic/aurora-module-mail-save-message-as-pdf-plugin": "0.9.x",
		"afterlogic/aurora-module-mail-notes-plugin": "0.9.x",
		"afterlogic/aurora-module-min": "0.9.x",
		"afterlogic/aurora-module-mobile-sync": "0.9.x",
		"afterlogic/aurora-module-webclient-mobile-sync": "0.9.x",
		"afterlogic/aurora-module-webclient-oauth-integrator": "0.9.x",
		"afterlogic/aurora-module-webclient-openpgp": "0.9.x",
		"afterlogic/aurora-module-mobile-webclient-openpgp": "0.9.x",
		"afterlogic/aurora-module-webclient-session-timeout": "0.9.x",
		"afterlogic/aurora-module-webclient-settings": "0.9.x",
		"afterlogic/aurora-module-mobile-webclient-settings": "0.9.x",
		"afterlogic/aurora-module-webclient-standard-login-form": "0.9.x",
		"afterlogic/aurora-module-mobile-webclient-standard-login-form": "0.9.x",
		"afterlogic/aurora-module-eav-object-viewer": "0.9.x",
		"afterlogic/aurora-module-oembed-files": "0.9.x",
		"afterlogic/aurora-module-files-zipfolder": "0.9.x",
		"afterlogic/aurora-module-mail-multi-accounts-plugin": "0.9.x",
		"afterlogic/aurora-module-mail-change-password-poppassd-plugin": "0.9.x",
		"afterlogic/aurora-module-office-document-viewer": "0.9.x",
		"afterlogic/aurora-module-mail-auth-cpanel": "0.9.x",
		"afterlogic/aurora-module-tasks": "0.9.x",
		"afterlogic/aurora-module-calendar-meetings-plugin": "0.9.x",
		"afterlogic/aurora-module-two-factor-auth": "0.9.x",
		"afterlogic/aurora-module-cpanel-integrator": "0.9.x",
		"afterlogic/aurora-module-webclient-mail-signup": "0.9.x",
		"afterlogic/aurora-module-import-export-mail-plugin": "0.9.x",
		"afterlogic/aurora-module-webclient-recaptcha-plugin": "0.9.x",
		"afterlogic/aurora-module-mail-master-password": "0.9.x",
		"afterlogic/aurora-module-webclient-mail-login-form": "0.9.x",
		
		"afterlogic/aurora-module-webclient-external-clients-login-form": "0.9.x",
		"afterlogic/aurora-module-autodiscover": "0.9.x",
		"afterlogic/aurora-module-activeserver": "0.9.x",
		
		"afterlogic/aurora-module-override-user-settings": "0.9.x",
		"afterlogic/aurora-module-mobile-webclient-mail-login-form": "0.9.x",
		
		"afterlogic/aurora-module-s3-filestorage": "0.9.x"
	}
}
