{
	"system": {
	},
	"modules": {
		"Core": {
			"SiteName": "Afterlogic WebMail Pro PHP",
			"ProductName": "Afterlogic WebMail Pro PHP"
		},
		"CoreWebclient": {
			"HeaderModulesOrder": ["mail", "contacts"],
			"DefaultAnonymScreenHash": "login",
			"DefaultUserScreenHash": "mail",
			"AllowMobile": true,
			"ThemeList": ["Default", "DeepForest", "Funny", "Sand"]
		},
		"SessionTimeoutWebclient": {
			"Disabled": true
		},
		"DropboxAuthWebclient": {
			"Scopes": "auth"
		},
		"Mail": {
			"MessagesSortBy": {
				"Allow": true,
				"List": [],
				"DefaultSortBy": "arrival",
				"DefaultSortOrder": "desc"
			},
			"AllowDefaultAccountForUser": true,
			"AutocreateMailAccountOnNewUserFirstLogin": true
		},
		"ChangePasswordWebclient": {
			"Disabled": true
		},
		"FilesWebclient": {
			"ShowCommonSettings": true,
			"ShowFilesApps": false
		},
		"Calendar": {
			"AllowTasks": true
		},
		"OAuthIntegratorWebclient": {
			"AllowNewUsersRegister": false
		},
		"MailChangePasswordPoppassdPlugin": {
			"Disabled": true
		},
		"MailAuthCpanel": {
			"Disabled": true
		},
		"MailSaveMessageAsPdfPlugin": {
			"Disabled": true
		},
		"CoreParanoidEncryptionWebclientPlugin": {
			"Disabled": true
		},
		"LicensingWebclient": {
			"TrialKeyLink": "<a href=\"https://afterlogic.com/get-trial-key?productId=afterlogic-webmail-pro-8\" target=\"_blank\">https://afterlogic.com/get-trial-key?productId=afterlogic-webmail-pro-8</a>",
			"PermanentKeyLink": "<a href=\"https://afterlogic.com/purchase/webmail-pro\" target=\"_blank\">https://afterlogic.com/purchase/webmail-pro</a>"
		},
		"StandardLoginFormWebclient": {
			"UseDropdownLanguagesView": true,
			"BottomInfoHtmlText": "Powered by <a href=\"https:\/\/afterlogic.com\/webmail-client\" target=\"_blank\">Afterlogic WebMail Pro</a>"
		},
		"Autodiscover": {
			"Disabled": true
		},
		"ActiveServer": {
			"Disabled": true
		},
		"TwoFactorAuth": {
			"Disabled": true
		},
		"CpanelIntegrator": {
			"Disabled": true
		},
		"MailSignup": {
			"Disabled": true
		},
		"MailLoginFormWebclient": {
			"Disabled": true,
			"UseDropdownLanguagesView": true,
			"BottomInfoHtmlText": "Powered by <a href=\"https:\/\/afterlogic.com\/webmail-client\" target=\"_blank\">Afterlogic WebMail Pro</a>"
		},
		"MailLoginFormMobileWebclient": {
			"Disabled": true
		},
		"RecaptchaWebclientPlugin": {
			"Disabled": true
		},
		"MailMasterPassword": {
			"Disabled": true
		},
		"SettingsMobileWebclient": {
			"Disabled": true
		},
		"OpenPgpMobileWebclient": {
			"Disabled": true
		},
		"OverrideUserSettings": {
			"Disabled": true
		},
		"Ios": {
			"IncludePasswordInProfile": false
		},
		"Contacts": {
			"ImportContactsLink": "https://afterlogic.com/docs/webmail-pro-8/frequently-asked-questions/importing-contacts"
		},
		"S3Filestorage": {
			"Disabled": true
		}
	}
}
